{"cameraMode":{"drawMode":0,"name":"Shaded","section":"Shading Mode"},"sceneLighting":false,"audioPlay":false,"sceneViewState":{"showFog":true,"showMaterialUpdate":false,"showSkybox":false,"showFlares":true,"showImageEffects":true,"showParticleSystems":true},"in2DMode":false,"pivot":{"x":-1.4561984539031983,"y":1.0039410591125489,"z":-2.8126416206359865},"rotation":{"x":0.001877447939477861,"y":0.7121840119361877,"z":0.001926687080413103,"w":-0.7020004391670227},"size":2.7657485008239748,"orthographic":false}