{"cameraMode":{"drawMode":0,"name":"Shaded","section":"Shading Mode"},"sceneLighting":false,"audioPlay":false,"sceneViewState":{"showFog":true,"showMaterialUpdate":false,"showSkybox":false,"showFlares":true,"showImageEffects":true,"showParticleSystems":true},"in2DMode":false,"pivot":{"x":-0.413637638092041,"y":0.04882240295410156,"z":0.15241527557373048},"rotation":{"x":0.301833838224411,"y":0.1236584484577179,"z":-0.03952000290155411,"w":0.9445081353187561},"size":10.0,"orthographic":false}