{"cameraMode":{"drawMode":0,"name":"Shaded","section":"Shading Mode"},"sceneLighting":false,"audioPlay":false,"sceneViewState":{"showFog":true,"showMaterialUpdate":false,"showSkybox":true,"showFlares":true,"showImageEffects":true,"showParticleSystems":true},"in2DMode":false,"pivot":{"x":-120.15357971191406,"y":37.61754608154297,"z":-25.007946014404298},"rotation":{"x":-0.046813465654850009,"y":0.5752768516540527,"z":-0.03300534933805466,"w":-0.8159540295600891},"size":86.38506317138672,"orthographic":false}