{"cameraMode":{"drawMode":0,"name":"Shaded","section":"Shading Mode"},"sceneLighting":true,"audioPlay":false,"sceneViewState":{"showFog":true,"showMaterialUpdate":false,"showSkybox":false,"showFlares":true,"showImageEffects":true,"showParticleSystems":true},"in2DMode":false,"pivot":{"x":2.5213472843170168,"y":1.4670000076293946,"z":1.2465877532958985},"rotation":{"x":0.0130812032148242,"y":-0.9691320061683655,"z":0.052682965993881229,"w":0.24054893851280213},"size":7.2831830978393559,"orthographic":false}