{"cameraMode":{"drawMode":0,"name":"Shaded","section":"Shading Mode"},"sceneLighting":false,"audioPlay":false,"sceneViewState":{"showFog":true,"showMaterialUpdate":false,"showSkybox":true,"showFlares":true,"showImageEffects":true,"showParticleSystems":true},"in2DMode":false,"pivot":{"x":653.7949829101563,"y":-105.08174896240235,"z":656.1309204101563},"rotation":{"x":-0.3099496066570282,"y":0.6129032373428345,"z":-0.28392156958580019,"w":-0.6690903902053833},"size":354.9748840332031,"orthographic":false}