{"cameraMode":{"drawMode":0,"name":"Shaded","section":"Shading Mode"},"sceneLighting":true,"audioPlay":false,"sceneViewState":{"showFog":true,"showMaterialUpdate":false,"showSkybox":true,"showFlares":true,"showImageEffects":true,"showParticleSystems":true},"in2DMode":false,"pivot":{"x":-144.74130249023438,"y":-292.4911193847656,"z":452.04290771484377},"rotation":{"x":0.4639260470867157,"y":0.5361050367355347,"z":-0.4997241199016571,"w":0.49765729904174807},"size":548.917236328125,"orthographic":true}