{"cameraMode":{"drawMode":0,"name":"Shaded","section":"Shading Mode"},"sceneLighting":false,"audioPlay":false,"sceneViewState":{"showFog":true,"showMaterialUpdate":false,"showSkybox":false,"showFlares":true,"showImageEffects":true,"showParticleSystems":true},"in2DMode":false,"pivot":{"x":-1.4557850360870362,"y":2.0823822021484377,"z":-1.9607378244400025},"rotation":{"x":-0.1024240031838417,"y":0.15100806951522828,"z":-0.0157302338629961,"w":-0.9830995202064514},"size":1.0862780809402466,"orthographic":false}